{
    "interactionModel": {
        "languageModel": {
            "invocationName": "youtube",
            "intents": [
                {
                    "name": "AMAZON.CancelIntent",
                    "samples": []
                },
                {
                    "name": "AMAZON.HelpIntent",
                    "samples": []
                },
                {
                    "name": "AMAZON.StopIntent",
                    "samples": []
                },
                {
                    "name": "AMAZON.PauseIntent",
                    "samples": []
                },
                {
                    "name": "AMAZON.ResumeIntent",
                    "samples": []
                },
                {
                    "name": "SearchIntent",
                    "slots": [
                        {
                            "name": "query",
                            "type": "AMAZON.SearchQuery"
                        }
                    ],
                    "samples": [
                        "jouer la musique de {query}",
                        "jouer la chanson de {query}",
                        "jouer la vidéo de {query}",
                        "rechercher {query}",
                        "Jouer {query}"
                    ]
                },
                {
                    "name": "ShuffleIntent",
                    "slots": [
                        {
                            "name": "query",
                            "type": "AMAZON.SearchQuery"
                        }
                    ],
                    "samples": [
                        "aléatoire de {query}",
                        "chanson aléatoire de {query}",
                        "musique aléatoire de {query}",
                        "vidéo aléatoire de {query}"
                    ]
                },
                {
                    "name": "PlaylistIntent",
                    "slots": [
                        {
                            "name": "query",
                            "type": "AMAZON.SearchQuery"
                        }
                    ],
                    "samples": [
                        "Démarrer la playlist {query}",
                        "Ecouter la playlist {query}",
                        "Jouer la playlist {query}"
                    ]
                },
                {
                    "name": "ShufflePlaylistIntent",
                    "slots": [
                        {
                            "name": "query",
                            "type": "AMAZON.SearchQuery"
                        }
                    ],
                    "samples": [
                        "Playlist aléatoire {query}"
                    ]
                },
                {
                    "name": "ChannelIntent",
                    "slots": [
                        {
                            "name": "query",
                            "type": "AMAZON.SearchQuery"
                        }
                    ],
                    "samples": [
                        "Ecouter la chaine {query}",
                        "Démarrer la chaine {query} ",
                        "Jouer la chaine {query}"
                    ]
                },
                {
                    "name": "ShuffleChannelIntent",
                    "slots": [
                        {
                            "name": "query",
                            "type": "AMAZON.SearchQuery"
                        }
                    ],
                    "samples": [
                        "Chaine aléatoire {query}"
                    ]
                },
                {
                    "name": "NowPlayingIntent",
                    "slots": [],
                    "samples": [
                        "Qui est ce",
                        "Quelle vidéo j'écoute",
                        "Quelle chanson j'écoute",
                        "Qu'est ce que j'écoute",
                        "Qui chante"
                    ]
                },
                {
                    "name": "SkipToIntent",
                    "slots": [
                        {
                            "name": "minutes",
                            "type": "AMAZON.NUMBER"
                        },
                        {
                            "name": "seconds",
                            "type": "AMAZON.NUMBER"
                        },
                        {
                            "name": "hours",
                            "type": "AMAZON.NUMBER"
                        }
                    ],
                    "samples": [
                        "Avance de {hours} heures",
                        "Avance de {hours} heure",
                        "Avance de {hours} {minutes} {seconds}",
                        "Avance de {hours} heures {minutes} minutes et {seconds} secondes",
                        "Avance de {hours} heure {minutes} minutes et {seconds} secondes",
                        "Avance de {hours} heure {minutes} minute et {seconds} secondes",
                        "Avance de {hours} heures {minutes} minute et {seconds} secondes",
                        "Avance de {hours} heures {minutes} minutes et {seconds} seconde",
                        "Avance de {hours} heure {minutes} minutes et {seconds} seconde",
                        "Avance de {hours} heure {minutes} minute et {seconds} seconde",
                        "Avance de {hours} heures {minutes} minute et {seconds} seconde",
                        "Avance de {hours} heures {minutes} minutes",
                        "Avance de {hours} heure {minutes} minutes",
                        "Avance de {hours} heures {minutes} minute",
                        "Avance de {hours} heure {minutes} minute",
                        "Avance de {minutes} {seconds}",
                        "Avance de {minutes} minutes et {seconds} secondes",
                        "Avance de {minutes} minute et {seconds} secondes",
                        "Avance de {minutes} minutes et {seconds} seconde",
                        "Avance de {minutes} minute et {seconds} seconde",
                        "Avance de {minutes} minutes",
                        "Avance de {minutes} minute",
                        "Avance de {seconds} secondes",
                        "Avance de {seconds} seconde",
                        "Va à {hours} hours",
                        "Va à {hours} hour",
                        "Va à {hours} {minutes} {seconds}",
                        "Va à {hours} heures {minutes} minutes et {seconds} secondes",
                        "Va à {hours} heure {minutes} minutes et {seconds} secondes",
                        "Va à {hours} heure {minutes} minute et {seconds} secondes",
                        "Va à {hours} heures {minutes} minute et {seconds} secondes",
                        "Va à {hours} heures {minutes} minutes et {seconds} seconde",
                        "Va à {hours} heure {minutes} minutes et {seconds} seconde",
                        "Va à {hours} heure {minutes} minute et {seconds} seconde",
                        "Va à {hours} heures {minutes} minute et {seconds} seconde",
                        "Va à {hours} heures {minutes} minutes",
                        "Va à {hours} heure {minutes} minutes",
                        "Va à {hours} heures {minutes} minute",
                        "Va à {hours} heure {minutes} minute",
                        "Va à {minutes} {seconds}",
                        "Va à {minutes} minutes et {seconds} secondes",
                        "Va à {minutes} minute et {seconds} secondes",
                        "Va à {minutes} minutes et {seconds} seconde",
                        "Va à {minutes} minute et {seconds} seconde",
                        "Va à {minutes} minutes",
                        "Va à {minutes} minute",
                        "Va à {seconds} secondes",
                        "Va à {seconds} seconde",
                        "Aller à {hours} hours",
                        "Aller à {hours} hour",
                        "Aller à {hours} {minutes} {seconds}",
                        "Aller à {hours} heures {minutes} minutes et {seconds} secondes",
                        "Aller à {hours} heure {minutes} minutes et {seconds} secondes",
                        "Aller à {hours} heure {minutes} minute et {seconds} secondes",
                        "Aller à {hours} heures {minutes} minute et {seconds} secondes",
                        "Aller à {hours} heures {minutes} minutes et {seconds} seconde",
                        "Aller à {hours} heure {minutes} minutes et {seconds} seconde",
                        "Aller à {hours} heure {minutes} minute et {seconds} seconde",
                        "Aller à {hours} heures {minutes} minute et {seconds} seconde",
                        "Aller à {hours} heures {minutes} minutes",
                        "Aller à {hours} heure {minutes} minutes",
                        "Aller à {hours} heures {minutes} minute",
                        "Aller à {hours} heure {minutes} minute",
                        "Aller à {minutes} {seconds}",
                        "Aller à {minutes} minutes et {seconds} secondes",
                        "Aller à {minutes} minute et {seconds} secondes",
                        "Aller à {minutes} minutes et {seconds} seconde",
                        "Aller à {minutes} minute et {seconds} seconde",
                        "Aller à {minutes} minutes",
                        "Aller à {minutes} minute",
                        "Aller à {seconds} secondes",
                        "Aller à {seconds} seconde",
                        "Avancer à {hours} hours",
                        "Avancer à {hours} hour",
                        "Avancer à {hours} {minutes} {seconds}",
                        "Avancer à {hours} heures {minutes} minutes et {seconds} secondes",
                        "Avancer à {hours} heure {minutes} minutes et {seconds} secondes",
                        "Avancer à {hours} heure {minutes} minute et {seconds} secondes",
                        "Avancer à {hours} heures {minutes} minute et {seconds} secondes",
                        "Avancer à {hours} heures {minutes} minutes et {seconds} seconde",
                        "Avancer à {hours} heure {minutes} minutes et {seconds} seconde",
                        "Avancer à {hours} heure {minutes} minute et {seconds} seconde",
                        "Avancer à {hours} heures {minutes} minute et {seconds} seconde",
                        "Avancer à {hours} heures {minutes} minutes",
                        "Avancer à {hours} heure {minutes} minutes",
                        "Avancer à {hours} heures {minutes} minute",
                        "Avancer à {hours} heure {minutes} minute",
                        "Avancer à {minutes} {seconds}",
                        "Avancer à {minutes} minutes et {seconds} secondes",
                        "Avancer à {minutes} minute et {seconds} secondes",
                        "Avancer à {minutes} minutes et {seconds} seconde",
                        "Avancer à {minutes} minute et {seconds} seconde",
                        "Avancer à {minutes} minutes",
                        "Avancer à {minutes} minute",
                        "Avancer à {seconds} secondes",
                        "Avancer à {seconds} seconde",
                        "Reculer à {hours} hours",
                        "Reculer à {hours} hour",
                        "Reculer à {hours} {minutes} {seconds}",
                        "Reculer à {hours} heures {minutes} minutes et {seconds} secondes",
                        "Reculer à {hours} heure {minutes} minutes et {seconds} secondes",
                        "Reculer à {hours} heure {minutes} minute et {seconds} secondes",
                        "Reculer à {hours} heures {minutes} minute et {seconds} secondes",
                        "Reculer à {hours} heures {minutes} minutes et {seconds} seconde",
                        "Reculer à {hours} heure {minutes} minutes et {seconds} seconde",
                        "Reculer à {hours} heure {minutes} minute et {seconds} seconde",
                        "Reculer à {hours} heures {minutes} minute et {seconds} seconde",
                        "Reculer à {hours} heures {minutes} minutes",
                        "Reculer à {hours} heure {minutes} minutes",
                        "Reculer à {hours} heures {minutes} minute",
                        "Reculer à {hours} heure {minutes} minute",
                        "Reculer à {minutes} {seconds}",
                        "Reculer à {minutes} minutes et {seconds} secondes",
                        "Reculer à {minutes} minute et {seconds} secondes",
                        "Reculer à {minutes} minutes et {seconds} seconde",
                        "Reculer à {minutes} minute et {seconds} seconde",
                        "Reculer à {minutes} minutes",
                        "Reculer à {minutes} minute",
                        "Reculer à {seconds} secondes",
                        "Reculer à {seconds} seconde"
                    ]
                },
                {
                    "name": "SkipForwardIntent",
                    "slots": [
                        {
                            "name": "minutes",
                            "type": "AMAZON.NUMBER"
                        },
                        {
                            "name": "seconds",
                            "type": "AMAZON.NUMBER"
                        },
                        {
                            "name": "hours",
                            "type": "AMAZON.NUMBER"
                        }
                    ],
                    "samples": [
                        "Avancer de {hours} hours",
                        "Avancer de {hours} hour",
                        "Avancer de {hours} heures {minutes} minutes et {seconds} secondes",
                        "Avancer de {hours} heure {minutes} minutes et {seconds} secondes",
                        "Avancer de {hours} heure {minutes} minute et {seconds} secondes",
                        "Avancer de {hours} heures {minutes} minute et {seconds} secondes",
                        "Avancer de {hours} heures {minutes} minutes et {seconds} seconde",
                        "Avancer de {hours} heure {minutes} minutes et {seconds} seconde",
                        "Avancer de {hours} heure {minutes} minute et {seconds} seconde",
                        "Avancer de {hours} heures {minutes} minute et {seconds} seconde",
                        "Avancer de {hours} heures {minutes} minutes",
                        "Avancer de {hours} heures {minutes} minute",
                        "Avancer de {hours} heure {minutes} minute",
                        "Avancer de {hours} heure {minutes} minutes",
                        "Avancer de {minutes} minutes et {seconds} secondes",
                        "Avancer de {minutes} minutes et {seconds} seconde",
                        "Avancer de {minutes} minute et {seconds} secondes",
                        "Avancer de {minutes} minute et {seconds} seconde",
                        "Avancer de {minutes} minutes",
                        "Avancer de {seconds} secondes",
                        "Avancer de {minutes} minute",
                        "Avancer de {seconds} seconde",
                        "Avancer jusqu'à {hours} hours",
                        "Avancer jusqu'à {hours} hour",
                        "Avancer jusqu'à {hours} heures {minutes} minutes et {seconds} secondes",
                        "Avancer jusqu'à {hours} heure {minutes} minutes et {seconds} secondes",
                        "Avancer jusqu'à {hours} heure {minutes} minute et {seconds} secondes",
                        "Avancer jusqu'à {hours} heures {minutes} minute et {seconds} secondes",
                        "Avancer jusqu'à {hours} heures {minutes} minutes et {seconds} seconde",
                        "Avancer jusqu'à {hours} heure {minutes} minutes et {seconds} seconde",
                        "Avancer jusqu'à {hours} heure {minutes} minute et {seconds} seconde",
                        "Avancer jusqu'à {hours} heures {minutes} minute et {seconds} seconde",
                        "Avancer jusqu'à {hours} heures {minutes} minutes",
                        "Avancer jusqu'à {hours} heures {minutes} minute",
                        "Avancer jusqu'à {hours} heure {minutes} minute",
                        "Avancer jusqu'à {hours} heure {minutes} minutes",
                        "Avancer jusqu'à {minutes} minutes et {seconds} secondes",
                        "Avancer jusqu'à {minutes} minutes et {seconds} seconde",
                        "Avancer jusqu'à {minutes} minute et {seconds} secondes",
                        "Avancer jusqu'à {minutes} minute et {seconds} seconde",
                        "Avancer jusqu'à {minutes} minutes",
                        "Avancer jusqu'à {seconds} secondes",
                        "Avancer jusqu'à {minutes} minute",
                        "Avancer jusqu'à {seconds} seconde",
                        "Passer {hours} hours",
                        "Passer {hours} hour",
                        "Passer {hours} heures {minutes} minutes et {seconds} secondes",
                        "Passer {hours} heure {minutes} minutes et {seconds} secondes",
                        "Passer {hours} heure {minutes} minute et {seconds} secondes",
                        "Passer {hours} heures {minutes} minute et {seconds} secondes",
                        "Passer {hours} heures {minutes} minutes et {seconds} seconde",
                        "Passer {hours} heure {minutes} minutes et {seconds} seconde",
                        "Passer {hours} heure {minutes} minute et {seconds} seconde",
                        "Passer {hours} heures {minutes} minute et {seconds} seconde",
                        "Passer {hours} heures {minutes} minutes",
                        "Passer {hours} heures {minutes} minute",
                        "Passer {hours} heure {minutes} minute",
                        "Passer {hours} heure {minutes} minutes",
                        "Passer {minutes} minutes et {seconds} secondes",
                        "Passer {minutes} minutes et {seconds} seconde",
                        "Passer {minutes} minute et {seconds} secondes",
                        "Passer {minutes} minute et {seconds} seconde",
                        "Passer {minutes} minutes",
                        "Passer {seconds} secondes",
                        "Passer {minutes} minute",
                        "Passer {seconds} seconde",
                        "Sauter {hours} hours",
                        "Sauter {hours} hour",
                        "Sauter {hours} heures {minutes} minutes et {seconds} secondes",
                        "Sauter {hours} heure {minutes} minutes et {seconds} secondes",
                        "Sauter {hours} heure {minutes} minute et {seconds} secondes",
                        "Sauter {hours} heures {minutes} minute et {seconds} secondes",
                        "Sauter {hours} heures {minutes} minutes et {seconds} seconde",
                        "Sauter {hours} heure {minutes} minutes et {seconds} seconde",
                        "Sauter {hours} heure {minutes} minute et {seconds} seconde",
                        "Sauter {hours} heures {minutes} minute et {seconds} seconde",
                        "Sauter {hours} heures {minutes} minutes",
                        "Sauter {hours} heures {minutes} minute",
                        "Sauter {hours} heure {minutes} minute",
                        "Sauter {hours} heure {minutes} minutes",
                        "Sauter {minutes} minutes et {seconds} secondes",
                        "Sauter {minutes} minutes et {seconds} seconde",
                        "Sauter {minutes} minute et {seconds} secondes",
                        "Sauter {minutes} minute et {seconds} seconde",
                        "Sauter {minutes} minutes",
                        "Sauter {seconds} secondes",
                        "Sauter {minutes} minute",
                        "Sauter {seconds} seconde",
                        "Aller directement à {hours} hours",
                        "Aller directement à {hours} hour",
                        "Aller directement à {hours} heures {minutes} minutes et {seconds} secondes",
                        "Aller directement à {hours} heure {minutes} minutes et {seconds} secondes",
                        "Aller directement à {hours} heure {minutes} minute et {seconds} secondes",
                        "Aller directement à {hours} heures {minutes} minute et {seconds} secondes",
                        "Aller directement à {hours} heures {minutes} minutes et {seconds} seconde",
                        "Aller directement à {hours} heure {minutes} minutes et {seconds} seconde",
                        "Aller directement à {hours} heure {minutes} minute et {seconds} seconde",
                        "Aller directement à {hours} heures {minutes} minute et {seconds} seconde",
                        "Aller directement à {hours} heures {minutes} minutes",
                        "Aller directement à {hours} heures {minutes} minute",
                        "Aller directement à {hours} heure {minutes} minute",
                        "Aller directement à {hours} heure {minutes} minutes",
                        "Aller directement à {minutes} minutes et {seconds} secondes",
                        "Aller directement à {minutes} minutes et {seconds} seconde",
                        "Aller directement à {minutes} minute et {seconds} secondes",
                        "Aller directement à {minutes} minute et {seconds} seconde",
                        "Aller directement à {minutes} minutes",
                        "Aller directement à {seconds} secondes",
                        "Aller directement à {minutes} minute",
                        "Aller directement à {seconds} seconde",
                        "Go on {hours} hours",
                        "Go on {hours} hour",
                        "Go on {hours} heures {minutes} minutes et {seconds} secondes",
                        "Go on {hours} heure {minutes} minutes et {seconds} secondes",
                        "Go on {hours} heure {minutes} minute et {seconds} secondes",
                        "Go on {hours} heures {minutes} minute et {seconds} secondes",
                        "Go on {hours} heures {minutes} minutes et {seconds} seconde",
                        "Go on {hours} heure {minutes} minutes et {seconds} seconde",
                        "Go on {hours} heure {minutes} minute et {seconds} seconde",
                        "Go on {hours} heures {minutes} minute et {seconds} seconde",
                        "Go on {hours} heures {minutes} minutes",
                        "Go on {hours} heures {minutes} minute",
                        "Go on {hours} heure {minutes} minute",
                        "Go on {hours} heure {minutes} minutes",
                        "Go on {minutes} minutes et {seconds} secondes",
                        "Go on {minutes} minutes et {seconds} seconde",
                        "Go on {minutes} minute et {seconds} secondes",
                        "Go on {minutes} minute et {seconds} seconde",
                        "Go on {minutes} minutes",
                        "Go on {seconds} secondes",
                        "Go on {minutes} minute",
                        "Go on {seconds} seconde"
                    ]
                },
                {
                    "name": "SkipBackwardIntent",
                    "slots": [
                        {
                            "name": "minutes",
                            "type": "AMAZON.NUMBER"
                        },
                        {
                            "name": "seconds",
                            "type": "AMAZON.NUMBER"
                        },
                        {
                            "name": "hours",
                            "type": "AMAZON.NUMBER"
                        }
                    ],
                    "samples": [
                        "Reculer de {hours} hours",
                        "Reculer de {hours} hour",
                        "Reculer de {hours} heures {minutes} minutes et {seconds} secondes",
                        "Reculer de {hours} heures {minutes} minute et {seconds} secondes",
                        "Reculer de {hours} heure {minutes} minutes et {seconds} secondes",
                        "Reculer de {hours} heure {minutes} minute et {seconds} secondes",
                        "Reculer de {hours} heures {minutes} minutes et {seconds} seconde",
                        "Reculer de {hours} heures {minutes} minute et {seconds} seconde",
                        "Reculer de {hours} heure {minutes} minutes et {seconds} seconde",
                        "Reculer de {hours} heure {minutes} minute et {seconds} seconde",
                        "Reculer de {hours} heures {minutes} minutes",
                        "Reculer de {hours} heures {minutes} minute",
                        "Reculer de {hours} heure {minutes} minutes",
                        "Reculer de {hours} heure {minutes} minute",
                        "Reculer de {minutes} minutes et {seconds} secondes",
                        "Reculer de {minutes} minutes et {seconds} seconde",
                        "Reculer de {minutes} minute et {seconds} secondes",
                        "Reculer de {minutes} minute et {seconds} seconde",
                        "Reculer de {minutes} minutes",
                        "Reculer de {seconds} secondes",
                        "Reculer de {minutes} minute",
                        "Reculer de {seconds} seconde",
                        "Aller en arrière de {hours} hours",
                        "Aller en arrière de {hours} hour",
                        "Aller en arrière de {hours} heures {minutes} minutes et {seconds} secondes",
                        "Aller en arrière de {hours} heures {minutes} minute et {seconds} secondes",
                        "Aller en arrière de {hours} heure {minutes} minutes et {seconds} secondes",
                        "Aller en arrière de {hours} heure {minutes} minute et {seconds} secondes",
                        "Aller en arrière de {hours} heures {minutes} minutes et {seconds} seconde",
                        "Aller en arrière de {hours} heures {minutes} minute et {seconds} seconde",
                        "Aller en arrière de {hours} heure {minutes} minutes et {seconds} seconde",
                        "Aller en arrière de {hours} heure {minutes} minute et {seconds} seconde",
                        "Aller en arrière de {hours} heures {minutes} minutes",
                        "Aller en arrière de {hours} heures {minutes} minute",
                        "Aller en arrière de {hours} heure {minutes} minutes",
                        "Aller en arrière de {hours} heure {minutes} minute",
                        "Aller en arrière de {minutes} minutes et {seconds} secondes",
                        "Aller en arrière de {minutes} minutes et {seconds} seconde",
                        "Aller en arrière de {minutes} minute et {seconds} secondes",
                        "Aller en arrière de {minutes} minute et {seconds} seconde",
                        "Aller en arrière de {minutes} minutes",
                        "Aller en arrière de {seconds} secondes",
                        "Aller en arrière de {minutes} minute",
                        "Aller en arrière de {seconds} seconde",
                        "Retour arrière de {hours} hours",
                        "Retour arrière de {hours} hour",
                        "Retour arrière de {hours} heures {minutes} minutes et {seconds} secondes",
                        "Retour arrière de {hours} heures {minutes} minute et {seconds} secondes",
                        "Retour arrière de {hours} heure {minutes} minutes et {seconds} secondes",
                        "Retour arrière de {hours} heure {minutes} minute et {seconds} secondes",
                        "Retour arrière de {hours} heures {minutes} minutes et {seconds} seconde",
                        "Retour arrière de {hours} heures {minutes} minute et {seconds} seconde",
                        "Retour arrière de {hours} heure {minutes} minutes et {seconds} seconde",
                        "Retour arrière de {hours} heure {minutes} minute et {seconds} seconde",
                        "Retour arrière de {hours} heures {minutes} minutes",
                        "Retour arrière de {hours} heures {minutes} minute",
                        "Retour arrière de {hours} heure {minutes} minutes",
                        "Retour arrière de {hours} heure {minutes} minute",
                        "Retour arrière de {minutes} minutes et {seconds} secondes",
                        "Retour arrière de {minutes} minutes et {seconds} seconde",
                        "Retour arrière de {minutes} minute et {seconds} secondes",
                        "Retour arrière de {minutes} minute et {seconds} seconde",
                        "Retour arrière de {minutes} minutes",
                        "Retour arrière de {seconds} secondes",
                        "Retour arrière de {minutes} minute",
                        "Retour arrière de {seconds} seconde",
                        "Saut arrière de {hours} hours",
                        "Saut arrière de {hours} hour",
                        "Saut arrière de {hours} heures {minutes} minutes et {seconds} secondes",
                        "Saut arrière de {hours} heures {minutes} minute et {seconds} secondes",
                        "Saut arrière de {hours} heure {minutes} minutes et {seconds} secondes",
                        "Saut arrière de {hours} heure {minutes} minute et {seconds} secondes",
                        "Saut arrière de {hours} heures {minutes} minutes et {seconds} seconde",
                        "Saut arrière de {hours} heures {minutes} minute et {seconds} seconde",
                        "Saut arrière de {hours} heure {minutes} minutes et {seconds} seconde",
                        "Saut arrière de {hours} heure {minutes} minute et {seconds} seconde",
                        "Saut arrière de {hours} heures {minutes} minutes",
                        "Saut arrière de {hours} heures {minutes} minute",
                        "Saut arrière de {hours} heure {minutes} minutes",
                        "Saut arrière de {hours} heure {minutes} minute",
                        "Saut arrière de {minutes} minutes et {seconds} secondes",
                        "Saut arrière de {minutes} minutes et {seconds} seconde",
                        "Saut arrière de {minutes} minute et {seconds} secondes",
                        "Saut arrière de {minutes} minute et {seconds} seconde",
                        "Saut arrière de {minutes} minutes",
                        "Saut arrière de {seconds} secondes",
                        "Saut arrière de {minutes} minute",
                        "Saut arrière de {seconds} seconde",
                        "Reculer directement à {hours} hours",
                        "Reculer directement à {hours} hour",
                        "Reculer directement à {hours} heures {minutes} minutes et {seconds} secondes",
                        "Reculer directement à {hours} heures {minutes} minute et {seconds} secondes",
                        "Reculer directement à {hours} heure {minutes} minutes et {seconds} secondes",
                        "Reculer directement à {hours} heure {minutes} minute et {seconds} secondes",
                        "Reculer directement à {hours} heures {minutes} minutes et {seconds} seconde",
                        "Reculer directement à {hours} heures {minutes} minute et {seconds} seconde",
                        "Reculer directement à {hours} heure {minutes} minutes et {seconds} seconde",
                        "Reculer directement à {hours} heure {minutes} minute et {seconds} seconde",
                        "Reculer directement à {hours} heures {minutes} minutes",
                        "Reculer directement à {hours} heures {minutes} minute",
                        "Reculer directement à {hours} heure {minutes} minutes",
                        "Reculer directement à {hours} heure {minutes} minute",
                        "Reculer directement à {minutes} minutes et {seconds} secondes",
                        "Reculer directement à {minutes} minutes et {seconds} seconde",
                        "Reculer directement à {minutes} minute et {seconds} secondes",
                        "Reculer directement à {minutes} minute et {seconds} seconde",
                        "Reculer directement à {minutes} minutes",
                        "Reculer directement à {seconds} secondes",
                        "Reculer directement à {minutes} minute",
                        "Reculer directement à {seconds} seconde"
                    ]
                },
                {
                    "name": "AMAZON.YesIntent",
                    "samples": []
                },
                {
                    "name": "AMAZON.NoIntent",
                    "samples": []
                }
            ],
            "types": []
        }
    }
}
