{
    "interactionModel": {
        "languageModel": {
            "invocationName": "youtube",
            "intents": [
                {
                    "name": "AMAZON.CancelIntent",
                    "samples": []
                },
                {
                    "name": "AMAZON.HelpIntent",
                    "samples": []
                },
                {
                    "name": "AMAZON.StopIntent",
                    "samples": []
                },
                {
                    "name": "AMAZON.PauseIntent",
                    "samples": []
                },
                {
                    "name": "AMAZON.ResumeIntent",
                    "samples": []
                },
                {
                    "name": "SearchIntent",
                    "slots": [
                        {
                            "name": "query",
                            "type": "AMAZON.SearchQuery"
                        }
                    ],
                    "samples": [
                        "play music by {query}",
                        "play songs by {query}",
                        "play videos by {query}",
                        "search for {query}",
                        "Play {query}"
                    ]
                },
                {
                    "name": "PlayOneIntent",
                    "slots": [
                        {
                            "name": "query",
                            "type": "AMAZON.SearchQuery"
                        }
                    ],
                    "samples": [
                        "play the song {query}",
                        "play the video {query}",
                        "play the track {query}",
                        "play one song {query}",
                        "play one video {query}",
                        "play one track {query}"
                    ]
                },
                {
                    "name": "ShuffleIntent",
                    "slots": [
                        {
                            "name": "query",
                            "type": "AMAZON.SearchQuery"
                        }
                    ],
                    "samples": [
                        "shuffle {query}",
                        "shuffle songs by {query}",
                        "shuffle music by {query}",
                        "shuffle videos by {query}"
                    ]
                },
                {
                    "name": "PlaylistIntent",
                    "slots": [
                        {
                            "name": "query",
                            "type": "AMAZON.SearchQuery"
                        }
                    ],
                    "samples": [
                        "Start playlist {query}",
                        "Listen to playlist {query}",
                        "Play playlist {query}"
                    ]
                },
                {
                    "name": "ShufflePlaylistIntent",
                    "slots": [
                        {
                            "name": "query",
                            "type": "AMAZON.SearchQuery"
                        }
                    ],
                    "samples": [
                        "Shuffle playlist {query}"
                    ]
                },
                {
                    "name": "SearchMyPlaylistsIntent",
                    "slots": [
                        {
                            "name": "query",
                            "type": "AMAZON.SearchQuery"
                        }
                    ],
                    "samples": [
                        "Start my playlist {query}",
                        "Listen to my playlist {query}",
                        "Play my playlist {query}"
                    ]
                },
                {
                    "name": "NextPlaylistIntent",
                    "slots": [],
                    "samples": [
                        "Next playlist"
                    ]
                },
                {
                    "name": "ShuffleMyPlaylistsIntent",
                    "slots": [
                        {
                            "name": "query",
                            "type": "AMAZON.SearchQuery"
                        }
                    ],
                    "samples": [
                        "Shuffle my playlist {query}"
                    ]
                },
                {
                    "name": "ChannelIntent",
                    "slots": [
                        {
                            "name": "query",
                            "type": "AMAZON.SearchQuery"
                        }
                    ],
                    "samples": [
                        "Listen to channel {query}",
                        "Start channel {query} ",
                        "Play channel {query}"
                    ]
                },
                {
                    "name": "ShuffleChannelIntent",
                    "slots": [
                        {
                            "name": "query",
                            "type": "AMAZON.SearchQuery"
                        }
                    ],
                    "samples": [
                        "Shuffle channel {query}"
                    ]
                },
                {
                    "name": "NowPlayingIntent",
                    "slots": [],
                    "samples": [
                        "Who is this",
                        "What video is playing",
                        "What song is playing",
                        "What is this",
                        "What is playing"
                    ]
                },
                {
                    "name": "AutoplayOnIntent",
                    "slots": [],
                    "samples": [
                        "Turn on autoplay",
                        "Turn autoplay on",
                        "Switch autoplay on",
                        "Switch on autoplay"
                    ]
                },
                {
                    "name": "AutoplayOffIntent",
                    "slots": [],
                    "samples": [
                        "Turn off autoplay",
                        "Turn autoplay off",
                        "Switch autoplay off",
                        "Switch off autoplay",
                        "Play this one video"
                    ]
                },
                {
                    "name": "SayTimestampIntent",
                    "slots": [],
                    "samples": [
                        "How far into this video are we",
                        "What is the current timestamp",
                        "What is the time",
                        "What is the timestamp"
                    ]
                },
                {
                    "name": "SkipToIntent",
                    "slots": [
                        {
                            "name": "minutes",
                            "type": "AMAZON.NUMBER"
                        },
                        {
                            "name": "seconds",
                            "type": "AMAZON.NUMBER"
                        },
                        {
                            "name": "hours",
                            "type": "AMAZON.NUMBER"
                        }
                    ],
                    "samples": [
                        "Skip to {hours} hours",
                        "Skip to {hours} hour",
                        "Skip to {hours} {minutes} {seconds}",
                        "Skip to {hours} hours {minutes} minutes and {seconds} seconds",
                        "Skip to {hours} hour {minutes} minutes and {seconds} seconds",
                        "Skip to {hours} hour {minutes} minute and {seconds} seconds",
                        "Skip to {hours} hours {minutes} minute and {seconds} seconds",
                        "Skip to {hours} hours {minutes} minutes and {seconds} second",
                        "Skip to {hours} hour {minutes} minutes and {seconds} second",
                        "Skip to {hours} hour {minutes} minute and {seconds} second",
                        "Skip to {hours} hours {minutes} minute and {seconds} second",
                        "Skip to {hours} hours {minutes} minutes",
                        "Skip to {hours} hour {minutes} minutes",
                        "Skip to {hours} hours {minutes} minute",
                        "Skip to {hours} hour {minutes} minute",
                        "Skip to {minutes} {seconds}",
                        "Skip to {minutes} minutes and {seconds} seconds",
                        "Skip to {minutes} minute and {seconds} seconds",
                        "Skip to {minutes} minutes and {seconds} second",
                        "Skip to {minutes} minute and {seconds} second",
                        "Skip to {minutes} minutes",
                        "Skip to {minutes} minute",
                        "Skip to {seconds} seconds",
                        "Skip to {seconds} second",
                        "Jump to {hours} hours",
                        "Jump to {hours} hour",
                        "Jump to {hours} {minutes} {seconds}",
                        "Jump to {hours} hours {minutes} minutes and {seconds} seconds",
                        "Jump to {hours} hour {minutes} minutes and {seconds} seconds",
                        "Jump to {hours} hour {minutes} minute and {seconds} seconds",
                        "Jump to {hours} hours {minutes} minute and {seconds} seconds",
                        "Jump to {hours} hours {minutes} minutes and {seconds} second",
                        "Jump to {hours} hour {minutes} minutes and {seconds} second",
                        "Jump to {hours} hour {minutes} minute and {seconds} second",
                        "Jump to {hours} hours {minutes} minute and {seconds} second",
                        "Jump to {hours} hours {minutes} minutes",
                        "Jump to {hours} hour {minutes} minutes",
                        "Jump to {hours} hours {minutes} minute",
                        "Jump to {hours} hour {minutes} minute",
                        "Jump to {minutes} {seconds}",
                        "Jump to {minutes} minutes and {seconds} seconds",
                        "Jump to {minutes} minute and {seconds} seconds",
                        "Jump to {minutes} minutes and {seconds} second",
                        "Jump to {minutes} minute and {seconds} second",
                        "Jump to {minutes} minutes",
                        "Jump to {minutes} minute",
                        "Jump to {seconds} seconds",
                        "Jump to {seconds} second",
                        "Go to {hours} hours",
                        "Go to {hours} hour",
                        "Go to {hours} {minutes} {seconds}",
                        "Go to {hours} hours {minutes} minutes and {seconds} seconds",
                        "Go to {hours} hour {minutes} minutes and {seconds} seconds",
                        "Go to {hours} hour {minutes} minute and {seconds} seconds",
                        "Go to {hours} hours {minutes} minute and {seconds} seconds",
                        "Go to {hours} hours {minutes} minutes and {seconds} second",
                        "Go to {hours} hour {minutes} minutes and {seconds} second",
                        "Go to {hours} hour {minutes} minute and {seconds} second",
                        "Go to {hours} hours {minutes} minute and {seconds} second",
                        "Go to {hours} hours {minutes} minutes",
                        "Go to {hours} hour {minutes} minutes",
                        "Go to {hours} hours {minutes} minute",
                        "Go to {hours} hour {minutes} minute",
                        "Go to {minutes} {seconds}",
                        "Go to {minutes} minutes and {seconds} seconds",
                        "Go to {minutes} minute and {seconds} seconds",
                        "Go to {minutes} minutes and {seconds} second",
                        "Go to {minutes} minute and {seconds} second",
                        "Go to {minutes} minutes",
                        "Go to {minutes} minute",
                        "Go to {seconds} seconds",
                        "Go to {seconds} second",
                        "Fast forward to {hours} hours",
                        "Fast forward to {hours} hour",
                        "Fast forward to {hours} {minutes} {seconds}",
                        "Fast forward to {hours} hours {minutes} minutes and {seconds} seconds",
                        "Fast forward to {hours} hour {minutes} minutes and {seconds} seconds",
                        "Fast forward to {hours} hour {minutes} minute and {seconds} seconds",
                        "Fast forward to {hours} hours {minutes} minute and {seconds} seconds",
                        "Fast forward to {hours} hours {minutes} minutes and {seconds} second",
                        "Fast forward to {hours} hour {minutes} minutes and {seconds} second",
                        "Fast forward to {hours} hour {minutes} minute and {seconds} second",
                        "Fast forward to {hours} hours {minutes} minute and {seconds} second",
                        "Fast forward to {hours} hours {minutes} minutes",
                        "Fast forward to {hours} hour {minutes} minutes",
                        "Fast forward to {hours} hours {minutes} minute",
                        "Fast forward to {hours} hour {minutes} minute",
                        "Fast forward to {minutes} {seconds}",
                        "Fast forward to {minutes} minutes and {seconds} seconds",
                        "Fast forward to {minutes} minute and {seconds} seconds",
                        "Fast forward to {minutes} minutes and {seconds} second",
                        "Fast forward to {minutes} minute and {seconds} second",
                        "Fast forward to {minutes} minutes",
                        "Fast forward to {minutes} minute",
                        "Fast forward to {seconds} seconds",
                        "Fast forward to {seconds} second",
                        "Rewind to {hours} hours",
                        "Rewind to {hours} hour",
                        "Rewind to {hours} {minutes} {seconds}",
                        "Rewind to {hours} hours {minutes} minutes and {seconds} seconds",
                        "Rewind to {hours} hour {minutes} minutes and {seconds} seconds",
                        "Rewind to {hours} hour {minutes} minute and {seconds} seconds",
                        "Rewind to {hours} hours {minutes} minute and {seconds} seconds",
                        "Rewind to {hours} hours {minutes} minutes and {seconds} second",
                        "Rewind to {hours} hour {minutes} minutes and {seconds} second",
                        "Rewind to {hours} hour {minutes} minute and {seconds} second",
                        "Rewind to {hours} hours {minutes} minute and {seconds} second",
                        "Rewind to {hours} hours {minutes} minutes",
                        "Rewind to {hours} hour {minutes} minutes",
                        "Rewind to {hours} hours {minutes} minute",
                        "Rewind to {hours} hour {minutes} minute",
                        "Rewind to {minutes} {seconds}",
                        "Rewind to {minutes} minutes and {seconds} seconds",
                        "Rewind to {minutes} minute and {seconds} seconds",
                        "Rewind to {minutes} minutes and {seconds} second",
                        "Rewind to {minutes} minute and {seconds} second",
                        "Rewind to {minutes} minutes",
                        "Rewind to {minutes} minute",
                        "Rewind to {seconds} seconds",
                        "Rewind to {seconds} second"
                    ]
                },
                {
                    "name": "SkipForwardIntent",
                    "slots": [
                        {
                            "name": "minutes",
                            "type": "AMAZON.NUMBER"
                        },
                        {
                            "name": "seconds",
                            "type": "AMAZON.NUMBER"
                        },
                        {
                            "name": "hours",
                            "type": "AMAZON.NUMBER"
                        }
                    ],
                    "samples": [
                        "Fast forward {hours} hours",
                        "Fast forward {hours} hour",
                        "Fast forward {hours} hours {minutes} minutes and {seconds} seconds",
                        "Fast forward {hours} hour {minutes} minutes and {seconds} seconds",
                        "Fast forward {hours} hour {minutes} minute and {seconds} seconds",
                        "Fast forward {hours} hours {minutes} minute and {seconds} seconds",
                        "Fast forward {hours} hours {minutes} minutes and {seconds} second",
                        "Fast forward {hours} hour {minutes} minutes and {seconds} second",
                        "Fast forward {hours} hour {minutes} minute and {seconds} second",
                        "Fast forward {hours} hours {minutes} minute and {seconds} second",
                        "Fast forward {hours} hours {minutes} minutes",
                        "Fast forward {hours} hours {minutes} minute",
                        "Fast forward {hours} hour {minutes} minute",
                        "Fast forward {hours} hour {minutes} minutes",
                        "Fast forward {minutes} minutes and {seconds} seconds",
                        "Fast forward {minutes} minutes and {seconds} second",
                        "Fast forward {minutes} minute and {seconds} seconds",
                        "Fast forward {minutes} minute and {seconds} second",
                        "Fast forward {minutes} minutes",
                        "Fast forward {seconds} seconds",
                        "Fast forward {minutes} minute",
                        "Fast forward {seconds} second",
                        "Skip forward {hours} hours",
                        "Skip forward {hours} hour",
                        "Skip forward {hours} hours {minutes} minutes and {seconds} seconds",
                        "Skip forward {hours} hour {minutes} minutes and {seconds} seconds",
                        "Skip forward {hours} hour {minutes} minute and {seconds} seconds",
                        "Skip forward {hours} hours {minutes} minute and {seconds} seconds",
                        "Skip forward {hours} hours {minutes} minutes and {seconds} second",
                        "Skip forward {hours} hour {minutes} minutes and {seconds} second",
                        "Skip forward {hours} hour {minutes} minute and {seconds} second",
                        "Skip forward {hours} hours {minutes} minute and {seconds} second",
                        "Skip forward {hours} hours {minutes} minutes",
                        "Skip forward {hours} hours {minutes} minute",
                        "Skip forward {hours} hour {minutes} minute",
                        "Skip forward {hours} hour {minutes} minutes",
                        "Skip forward {minutes} minutes and {seconds} seconds",
                        "Skip forward {minutes} minutes and {seconds} second",
                        "Skip forward {minutes} minute and {seconds} seconds",
                        "Skip forward {minutes} minute and {seconds} second",
                        "Skip forward {minutes} minutes",
                        "Skip forward {seconds} seconds",
                        "Skip forward {minutes} minute",
                        "Skip forward {seconds} second",
                        "Skip {hours} hours",
                        "Skip {hours} hour",
                        "Skip {hours} hours {minutes} minutes and {seconds} seconds",
                        "Skip {hours} hour {minutes} minutes and {seconds} seconds",
                        "Skip {hours} hour {minutes} minute and {seconds} seconds",
                        "Skip {hours} hours {minutes} minute and {seconds} seconds",
                        "Skip {hours} hours {minutes} minutes and {seconds} second",
                        "Skip {hours} hour {minutes} minutes and {seconds} second",
                        "Skip {hours} hour {minutes} minute and {seconds} second",
                        "Skip {hours} hours {minutes} minute and {seconds} second",
                        "Skip {hours} hours {minutes} minutes",
                        "Skip {hours} hours {minutes} minute",
                        "Skip {hours} hour {minutes} minute",
                        "Skip {hours} hour {minutes} minutes",
                        "Skip {minutes} minutes and {seconds} seconds",
                        "Skip {minutes} minutes and {seconds} second",
                        "Skip {minutes} minute and {seconds} seconds",
                        "Skip {minutes} minute and {seconds} second",
                        "Skip {minutes} minutes",
                        "Skip {seconds} seconds",
                        "Skip {minutes} minute",
                        "Skip {seconds} second",
                        "Jump forward {hours} hours",
                        "Jump forward {hours} hour",
                        "Jump forward {hours} hours {minutes} minutes and {seconds} seconds",
                        "Jump forward {hours} hour {minutes} minutes and {seconds} seconds",
                        "Jump forward {hours} hour {minutes} minute and {seconds} seconds",
                        "Jump forward {hours} hours {minutes} minute and {seconds} seconds",
                        "Jump forward {hours} hours {minutes} minutes and {seconds} second",
                        "Jump forward {hours} hour {minutes} minutes and {seconds} second",
                        "Jump forward {hours} hour {minutes} minute and {seconds} second",
                        "Jump forward {hours} hours {minutes} minute and {seconds} second",
                        "Jump forward {hours} hours {minutes} minutes",
                        "Jump forward {hours} hours {minutes} minute",
                        "Jump forward {hours} hour {minutes} minute",
                        "Jump forward {hours} hour {minutes} minutes",
                        "Jump forward {minutes} minutes and {seconds} seconds",
                        "Jump forward {minutes} minutes and {seconds} second",
                        "Jump forward {minutes} minute and {seconds} seconds",
                        "Jump forward {minutes} minute and {seconds} second",
                        "Jump forward {minutes} minutes",
                        "Jump forward {seconds} seconds",
                        "Jump forward {minutes} minute",
                        "Jump forward {seconds} second",
                        "Go forward {hours} hours",
                        "Go forward {hours} hour",
                        "Go forward {hours} hours {minutes} minutes and {seconds} seconds",
                        "Go forward {hours} hour {minutes} minutes and {seconds} seconds",
                        "Go forward {hours} hour {minutes} minute and {seconds} seconds",
                        "Go forward {hours} hours {minutes} minute and {seconds} seconds",
                        "Go forward {hours} hours {minutes} minutes and {seconds} second",
                        "Go forward {hours} hour {minutes} minutes and {seconds} second",
                        "Go forward {hours} hour {minutes} minute and {seconds} second",
                        "Go forward {hours} hours {minutes} minute and {seconds} second",
                        "Go forward {hours} hours {minutes} minutes",
                        "Go forward {hours} hours {minutes} minute",
                        "Go forward {hours} hour {minutes} minute",
                        "Go forward {hours} hour {minutes} minutes",
                        "Go forward {minutes} minutes and {seconds} seconds",
                        "Go forward {minutes} minutes and {seconds} second",
                        "Go forward {minutes} minute and {seconds} seconds",
                        "Go forward {minutes} minute and {seconds} second",
                        "Go forward {minutes} minutes",
                        "Go forward {seconds} seconds",
                        "Go forward {minutes} minute",
                        "Go forward {seconds} second",
                        "Go on {hours} hours",
                        "Go on {hours} hour",
                        "Go on {hours} hours {minutes} minutes and {seconds} seconds",
                        "Go on {hours} hour {minutes} minutes and {seconds} seconds",
                        "Go on {hours} hour {minutes} minute and {seconds} seconds",
                        "Go on {hours} hours {minutes} minute and {seconds} seconds",
                        "Go on {hours} hours {minutes} minutes and {seconds} second",
                        "Go on {hours} hour {minutes} minutes and {seconds} second",
                        "Go on {hours} hour {minutes} minute and {seconds} second",
                        "Go on {hours} hours {minutes} minute and {seconds} second",
                        "Go on {hours} hours {minutes} minutes",
                        "Go on {hours} hours {minutes} minute",
                        "Go on {hours} hour {minutes} minute",
                        "Go on {hours} hour {minutes} minutes",
                        "Go on {minutes} minutes and {seconds} seconds",
                        "Go on {minutes} minutes and {seconds} second",
                        "Go on {minutes} minute and {seconds} seconds",
                        "Go on {minutes} minute and {seconds} second",
                        "Go on {minutes} minutes",
                        "Go on {seconds} seconds",
                        "Go on {minutes} minute",
                        "Go on {seconds} second"
                    ]
                },
                {
                    "name": "SkipBackwardIntent",
                    "slots": [
                        {
                            "name": "minutes",
                            "type": "AMAZON.NUMBER"
                        },
                        {
                            "name": "seconds",
                            "type": "AMAZON.NUMBER"
                        },
                        {
                            "name": "hours",
                            "type": "AMAZON.NUMBER"
                        }
                    ],
                    "samples": [
                        "Rewind {hours} hours",
                        "Rewind {hours} hour",
                        "Rewind {hours} hours {minutes} minutes and {seconds} seconds",
                        "Rewind {hours} hours {minutes} minute and {seconds} seconds",
                        "Rewind {hours} hour {minutes} minutes and {seconds} seconds",
                        "Rewind {hours} hour {minutes} minute and {seconds} seconds",
                        "Rewind {hours} hours {minutes} minutes and {seconds} second",
                        "Rewind {hours} hours {minutes} minute and {seconds} second",
                        "Rewind {hours} hour {minutes} minutes and {seconds} second",
                        "Rewind {hours} hour {minutes} minute and {seconds} second",
                        "Rewind {hours} hours {minutes} minutes",
                        "Rewind {hours} hours {minutes} minute",
                        "Rewind {hours} hour {minutes} minutes",
                        "Rewind {hours} hour {minutes} minute",
                        "Rewind {minutes} minutes and {seconds} seconds",
                        "Rewind {minutes} minutes and {seconds} second",
                        "Rewind {minutes} minute and {seconds} seconds",
                        "Rewind {minutes} minute and {seconds} second",
                        "Rewind {minutes} minutes",
                        "Rewind {seconds} seconds",
                        "Rewind {minutes} minute",
                        "Rewind {seconds} second",
                        "Skip back {hours} hours",
                        "Skip back {hours} hour",
                        "Skip back {hours} hours {minutes} minutes and {seconds} seconds",
                        "Skip back {hours} hours {minutes} minute and {seconds} seconds",
                        "Skip back {hours} hour {minutes} minutes and {seconds} seconds",
                        "Skip back {hours} hour {minutes} minute and {seconds} seconds",
                        "Skip back {hours} hours {minutes} minutes and {seconds} second",
                        "Skip back {hours} hours {minutes} minute and {seconds} second",
                        "Skip back {hours} hour {minutes} minutes and {seconds} second",
                        "Skip back {hours} hour {minutes} minute and {seconds} second",
                        "Skip back {hours} hours {minutes} minutes",
                        "Skip back {hours} hours {minutes} minute",
                        "Skip back {hours} hour {minutes} minutes",
                        "Skip back {hours} hour {minutes} minute",
                        "Skip back {minutes} minutes and {seconds} seconds",
                        "Skip back {minutes} minutes and {seconds} second",
                        "Skip back {minutes} minute and {seconds} seconds",
                        "Skip back {minutes} minute and {seconds} second",
                        "Skip back {minutes} minutes",
                        "Skip back {seconds} seconds",
                        "Skip back {minutes} minute",
                        "Skip back {seconds} second",
                        "Back {hours} hours",
                        "Back {hours} hour",
                        "Back {hours} hours {minutes} minutes and {seconds} seconds",
                        "Back {hours} hours {minutes} minute and {seconds} seconds",
                        "Back {hours} hour {minutes} minutes and {seconds} seconds",
                        "Back {hours} hour {minutes} minute and {seconds} seconds",
                        "Back {hours} hours {minutes} minutes and {seconds} second",
                        "Back {hours} hours {minutes} minute and {seconds} second",
                        "Back {hours} hour {minutes} minutes and {seconds} second",
                        "Back {hours} hour {minutes} minute and {seconds} second",
                        "Back {hours} hours {minutes} minutes",
                        "Back {hours} hours {minutes} minute",
                        "Back {hours} hour {minutes} minutes",
                        "Back {hours} hour {minutes} minute",
                        "Back {minutes} minutes and {seconds} seconds",
                        "Back {minutes} minutes and {seconds} second",
                        "Back {minutes} minute and {seconds} seconds",
                        "Back {minutes} minute and {seconds} second",
                        "Back {minutes} minutes",
                        "Back {seconds} seconds",
                        "Back {minutes} minute",
                        "Back {seconds} second",
                        "Jump back {hours} hours",
                        "Jump back {hours} hour",
                        "Jump back {hours} hours {minutes} minutes and {seconds} seconds",
                        "Jump back {hours} hours {minutes} minute and {seconds} seconds",
                        "Jump back {hours} hour {minutes} minutes and {seconds} seconds",
                        "Jump back {hours} hour {minutes} minute and {seconds} seconds",
                        "Jump back {hours} hours {minutes} minutes and {seconds} second",
                        "Jump back {hours} hours {minutes} minute and {seconds} second",
                        "Jump back {hours} hour {minutes} minutes and {seconds} second",
                        "Jump back {hours} hour {minutes} minute and {seconds} second",
                        "Jump back {hours} hours {minutes} minutes",
                        "Jump back {hours} hours {minutes} minute",
                        "Jump back {hours} hour {minutes} minutes",
                        "Jump back {hours} hour {minutes} minute",
                        "Jump back {minutes} minutes and {seconds} seconds",
                        "Jump back {minutes} minutes and {seconds} second",
                        "Jump back {minutes} minute and {seconds} seconds",
                        "Jump back {minutes} minute and {seconds} second",
                        "Jump back {minutes} minutes",
                        "Jump back {seconds} seconds",
                        "Jump back {minutes} minute",
                        "Jump back {seconds} second",
                        "Go back {hours} hours",
                        "Go back {hours} hour",
                        "Go back {hours} hours {minutes} minutes and {seconds} seconds",
                        "Go back {hours} hours {minutes} minute and {seconds} seconds",
                        "Go back {hours} hour {minutes} minutes and {seconds} seconds",
                        "Go back {hours} hour {minutes} minute and {seconds} seconds",
                        "Go back {hours} hours {minutes} minutes and {seconds} second",
                        "Go back {hours} hours {minutes} minute and {seconds} second",
                        "Go back {hours} hour {minutes} minutes and {seconds} second",
                        "Go back {hours} hour {minutes} minute and {seconds} second",
                        "Go back {hours} hours {minutes} minutes",
                        "Go back {hours} hours {minutes} minute",
                        "Go back {hours} hour {minutes} minutes",
                        "Go back {hours} hour {minutes} minute",
                        "Go back {minutes} minutes and {seconds} seconds",
                        "Go back {minutes} minutes and {seconds} second",
                        "Go back {minutes} minute and {seconds} seconds",
                        "Go back {minutes} minute and {seconds} second",
                        "Go back {minutes} minutes",
                        "Go back {seconds} seconds",
                        "Go back {minutes} minute",
                        "Go back {seconds} second"
                    ]
                },
                {
                    "name": "AMAZON.YesIntent",
                    "samples": []
                },
                {
                    "name": "AMAZON.NoIntent",
                    "samples": []
                },
                {
                    "name": "AMAZON.NavigateHomeIntent",
                    "samples": []
                }
            ],
            "types": []
        }
    }
}
